,year,per_capita_incomes
0,2011,33832.508417413104
1,2012,34660.97349263588
2,2013,35489.438567858655
3,2014,36317.9036430812
4,2015,37146.36871830397
5,2016,37974.83379352675
6,2017,38803.29886874952
7,2018,39631.763943972066
8,2019,40460.22901919484
9,2020,41288.69409441762
10,2021,42117.15916964039
11,2022,42945.624244862935
12,2023,43774.08932008571
13,2024,44602.554395308485
14,2025,45431.01947053103
15,2026,46259.4845457538
